env_time,total_time,avg_simulation_second,event_store_size
1,0:00:00.095992,0:00:00.095992,0
2,0:00:00.153030,0:00:00.076515,0
3,0:00:00.225991,0:00:00.075330,0
4,0:00:00.324052,0:00:00.081013,0
5,0:00:00.398033,0:00:00.079607,0
6,0:00:00.452991,0:00:00.075498,0
7,0:00:00.500994,0:00:00.071571,0
8,0:00:00.553994,0:00:00.069249,0
