env_time,total_time,avg_simulation_second,event_store_size
1,0:00:00.841006,0:00:00.841006,0
2,0:00:01.645008,0:00:00.822504,0
3,0:00:02.697878,0:00:00.899293,0
4,0:00:04.018876,0:00:01.004719,0
5,0:00:05.298903,0:00:01.059781,0
6,0:00:06.046899,0:00:01.007816,0
7,0:00:06.818074,0:00:00.974011,0
8,0:00:07.457077,0:00:00.932135,0
9,0:00:08.082074,0:00:00.898008,0
10,0:00:08.688211,0:00:00.868821,0
